Dlang,HumanEval_37_sort_even,Exception
Dlang,HumanEval_92_any_int,Exception
Dlang,HumanEval_41_car_race_collision,Exception
Dlang,HumanEval_69_search,Exception
Dlang,HumanEval_18_how_many_times,SyntaxError
Dlang,HumanEval_130_tri,Exception
Dlang,HumanEval_59_largest_prime_factor,OK
Dlang,HumanEval_76_is_simple_power,Exception
Dlang,HumanEval_9_rolling_max,SyntaxError
Dlang,HumanEval_63_fibfib,OK
Dlang,HumanEval_56_correct_bracketing,SyntaxError
Dlang,HumanEval_157_right_angle_triangle,Exception
Dlang,HumanEval_111_histogram,SyntaxError
Dlang,HumanEval_136_largest_smallest_integers,SyntaxError
Dlang,HumanEval_54_same_chars,SyntaxError
Dlang,HumanEval_70_strange_sort_list,SyntaxError
Dlang,HumanEval_64_vowels_count,SyntaxError
Dlang,HumanEval_144_simplify,SyntaxError
Dlang,HumanEval_58_common,SyntaxError
Dlang,HumanEval_6_parse_nested_parens,SyntaxError
Dlang,HumanEval_147_get_max_triples,Exception
Dlang,HumanEval_109_move_one_ball,SyntaxError
Dlang,HumanEval_65_circular_shift,SyntaxError
Dlang,HumanEval_35_max_element,OK
Dlang,HumanEval_4_mean_absolute_deviation,Exception
Dlang,HumanEval_134_check_if_last_char_is_a_letter,SyntaxError
Dlang,HumanEval_94_skjkasdkd,SyntaxError
Dlang,HumanEval_10_make_palindrome,SyntaxError
Dlang,HumanEval_7_filter_by_substring,SyntaxError
Dlang,HumanEval_82_prime_length,SyntaxError
Dlang,HumanEval_162_string_to_md5,SyntaxError
Dlang,HumanEval_143_words_in_sentence,SyntaxError
Dlang,HumanEval_55_fib,OK
Dlang,HumanEval_78_hex_key,SyntaxError
Dlang,HumanEval_90_next_smallest,SyntaxError
Dlang,HumanEval_129_minPath,SyntaxError
Dlang,HumanEval_33_sort_third,Exception
Dlang,HumanEval_62_derivative,SyntaxError
Dlang,HumanEval_79_decimal_to_binary,SyntaxError
Dlang,HumanEval_17_parse_music,SyntaxError
Dlang,HumanEval_112_reverse_delete,SyntaxError
Dlang,HumanEval_133_sum_squares,SyntaxError
Dlang,HumanEval_117_select_words,SyntaxError
Dlang,HumanEval_159_eat,Exception
Dlang,HumanEval_107_even_odd_palindrome,SyntaxError
Dlang,HumanEval_163_generate_integers,Exception
Dlang,HumanEval_60_sum_to_n,OK
Dlang,HumanEval_75_is_multiply_prime,Exception
Dlang,HumanEval_1_separate_paren_groups,SyntaxError
Dlang,HumanEval_93_encode,SyntaxError
Dlang,HumanEval_139_special_factorial,Exception
Dlang,HumanEval_11_string_xor,SyntaxError
Dlang,HumanEval_138_is_equal_to_sum_even,Exception
Dlang,HumanEval_49_modp,SyntaxError
Dlang,HumanEval_150_x_or_y,SyntaxError
Dlang,HumanEval_120_maximum,SyntaxError
Dlang,HumanEval_0_has_close_elements,SyntaxError
Dlang,HumanEval_13_greatest_common_divisor,OK
Dlang,HumanEval_25_factorize,SyntaxError
Dlang,HumanEval_20_find_closest_elements,SyntaxError
Dlang,HumanEval_153_Strongest_Extension,SyntaxError
Dlang,HumanEval_128_prod_signs,SyntaxError
Dlang,HumanEval_28_concatenate,SyntaxError
Dlang,HumanEval_116_sort_array,SyntaxError
Dlang,HumanEval_105_by_length,SyntaxError
Dlang,HumanEval_81_numerical_letter_grade,Exception
Dlang,HumanEval_121_solution,SyntaxError
Dlang,HumanEval_21_rescale_to_unit,SyntaxError
Dlang,HumanEval_30_get_positive,SyntaxError
Dlang,HumanEval_19_sort_numbers,SyntaxError
Dlang,HumanEval_113_odd_count,SyntaxError
Dlang,HumanEval_160_do_algebra,Exception
Dlang,HumanEval_151_double_the_difference,OK
Dlang,HumanEval_2_truncate_number,OK
Dlang,HumanEval_102_choose_num,Exception
Dlang,HumanEval_87_get_row,SyntaxError
Dlang,HumanEval_122_add_elements,Exception
Dlang,HumanEval_149_sorted_list_sum,SyntaxError
Dlang,HumanEval_99_closest_integer,SyntaxError
Dlang,HumanEval_73_smallest_change,Exception
Dlang,HumanEval_83_starts_one_ends,SyntaxError
Dlang,HumanEval_68_pluck,SyntaxError
Dlang,HumanEval_36_fizz_buzz,Exception
Dlang,HumanEval_118_get_closest_vowel,SyntaxError
Dlang,HumanEval_61_correct_bracketing,SyntaxError
Dlang,HumanEval_85_add,OK
Dlang,HumanEval_67_fruit_distribution,Exception
Dlang,HumanEval_74_total_match,SyntaxError
Dlang,HumanEval_158_find_max,SyntaxError
Dlang,HumanEval_142_sum_squares,Exception
Dlang,HumanEval_12_longest,SyntaxError
Dlang,HumanEval_114_minSubArraySum,SyntaxError
Dlang,HumanEval_15_string_sequence,SyntaxError
Dlang,HumanEval_106_f,SyntaxError
Dlang,HumanEval_89_encrypt,SyntaxError
Dlang,HumanEval_72_will_it_fly,SyntaxError
Dlang,HumanEval_23_strlen,SyntaxError
Dlang,HumanEval_152_compare,SyntaxError
Dlang,HumanEval_91_is_bored,SyntaxError
Dlang,HumanEval_27_flip_case,SyntaxError
Dlang,HumanEval_53_add,OK
Dlang,HumanEval_40_triples_sum_to_zero,Exception
Dlang,HumanEval_155_even_odd_count,SyntaxError
Dlang,HumanEval_57_monotonic,OK
Dlang,HumanEval_45_triangle_area,OK
Dlang,HumanEval_34_unique,SyntaxError
Dlang,HumanEval_3_below_zero,SyntaxError
Dlang,HumanEval_77_iscube,SyntaxError
Dlang,HumanEval_146_specialFilter,Exception
Dlang,HumanEval_29_filter_by_prefix,SyntaxError
Dlang,HumanEval_140_fix_spaces,SyntaxError
Dlang,HumanEval_124_valid_date,SyntaxError
Dlang,HumanEval_88_sort_array,SyntaxError
Dlang,HumanEval_51_remove_vowels,SyntaxError
Dlang,HumanEval_26_remove_duplicates,Exception
Dlang,HumanEval_52_below_threshold,SyntaxError
Dlang,HumanEval_126_is_sorted,SyntaxError
Dlang,HumanEval_46_fib4,OK
Dlang,HumanEval_115_max_fill,SyntaxError
Dlang,HumanEval_101_words_string,SyntaxError
Dlang,HumanEval_86_anti_shuffle,SyntaxError
Dlang,HumanEval_132_is_nested,SyntaxError
Dlang,HumanEval_131_digits,Exception
Dlang,HumanEval_154_cycpattern_check,SyntaxError
Dlang,HumanEval_141_file_name_check,SyntaxError
Dlang,HumanEval_42_incr_list,OK
Dlang,HumanEval_84_solve,SyntaxError
Dlang,HumanEval_123_get_odd_collatz,SyntaxError
Dlang,HumanEval_43_pairs_sum_to_zero,OK
Dlang,HumanEval_39_prime_fib,SyntaxError
Dlang,HumanEval_161_solve,SyntaxError
Dlang,HumanEval_5_intersperse,Exception
Dlang,HumanEval_96_count_up_to,SyntaxError
Dlang,HumanEval_100_make_a_pile,Exception
Dlang,HumanEval_108_count_nums,SyntaxError
Dlang,HumanEval_98_count_upper,SyntaxError
Dlang,HumanEval_127_intersection,SyntaxError
Dlang,HumanEval_145_order_by_points,Exception
Dlang,HumanEval_44_change_base,SyntaxError
Dlang,HumanEval_8_sum_product,SyntaxError
Dlang,HumanEval_47_median,SyntaxError
Dlang,HumanEval_14_all_prefixes,SyntaxError
Dlang,HumanEval_16_count_distinct_characters,SyntaxError
Dlang,HumanEval_135_can_arrange,SyntaxError
Dlang,HumanEval_66_digitSum,SyntaxError
Dlang,HumanEval_31_is_prime,OK
Dlang,HumanEval_156_int_to_mini_roman,SyntaxError
Dlang,HumanEval_110_exchange,SyntaxError
Dlang,HumanEval_48_is_palindrome,SyntaxError
Dlang,HumanEval_95_check_dict_case,SyntaxError
Dlang,HumanEval_104_unique_digits,Exception
Dlang,HumanEval_97_multiply,OK
Dlang,HumanEval_80_is_happy,SyntaxError
Dlang,HumanEval_71_triangle_area,SyntaxError
Dlang,HumanEval_24_largest_divisor,Exception
Dlang,HumanEval_119_match_parens,SyntaxError
d-keep-code_davinci_001_temp_0.2:{'OK': 17, 'Timeout': 0, 'Exception': 32, 'SyntaxError': 107}
