Rust,HumanEval_0_has_close_elements,OK
Rust,HumanEval_1_separate_paren_groups,SyntaxError
Rust,HumanEval_2_truncate_number,Exception
Rust,HumanEval_3_below_zero,Exception
Rust,HumanEval_4_mean_absolute_deviation,SyntaxError
Rust,HumanEval_5_intersperse,OK
Rust,HumanEval_6_parse_nested_parens,Exception
Rust,HumanEval_7_filter_by_substring,OK
Rust,HumanEval_8_sum_product,OK
Rust,HumanEval_9_rolling_max,OK
Rust,HumanEval_10_make_palindrome,SyntaxError
Rust,HumanEval_11_string_xor,OK
Rust,HumanEval_12_longest,OK
Rust,HumanEval_13_greatest_common_divisor,OK
Rust,HumanEval_14_all_prefixes,OK
Rust,HumanEval_15_string_sequence,OK
Rust,HumanEval_16_count_distinct_characters,SyntaxError
Rust,HumanEval_17_parse_music,SyntaxError
Rust,HumanEval_18_how_many_times,SyntaxError
Rust,HumanEval_19_sort_numbers,Exception
Rust,HumanEval_20_find_closest_elements,OK
Rust,HumanEval_21_rescale_to_unit,SyntaxError
Rust,HumanEval_23_strlen,OK
Rust,HumanEval_24_largest_divisor,OK
Rust,HumanEval_25_factorize,OK
Rust,HumanEval_26_remove_duplicates,SyntaxError
Rust,HumanEval_27_flip_case,OK
Rust,HumanEval_28_concatenate,OK
Rust,HumanEval_29_filter_by_prefix,OK
Rust,HumanEval_30_get_positive,OK
Rust,HumanEval_31_is_prime,Exception
Rust,HumanEval_33_sort_third,Exception
Rust,HumanEval_34_unique,OK
Rust,HumanEval_35_max_element,OK
Rust,HumanEval_36_fizz_buzz,Exception
Rust,HumanEval_37_sort_even,Exception
Rust,HumanEval_39_prime_fib,Exception
Rust,HumanEval_40_triples_sum_to_zero,SyntaxError
Rust,HumanEval_41_car_race_collision,Exception
Rust,HumanEval_42_incr_list,OK
Rust,HumanEval_43_pairs_sum_to_zero,SyntaxError
Rust,HumanEval_44_change_base,SyntaxError
Rust,HumanEval_45_triangle_area,OK
Rust,HumanEval_46_fib4,Exception
Rust,HumanEval_47_median,OK
Rust,HumanEval_48_is_palindrome,OK
Rust,HumanEval_49_modp,Exception
Rust,HumanEval_51_remove_vowels,SyntaxError
Rust,HumanEval_52_below_threshold,OK
Rust,HumanEval_53_add,OK
Rust,HumanEval_54_same_chars,Exception
Rust,HumanEval_55_fib,OK
Rust,HumanEval_56_correct_bracketing,OK
Rust,HumanEval_57_monotonic,OK
Rust,HumanEval_58_common,OK
Rust,HumanEval_59_largest_prime_factor,Exception
Rust,HumanEval_60_sum_to_n,OK
Rust,HumanEval_61_correct_bracketing,OK
Rust,HumanEval_62_derivative,OK
Rust,HumanEval_63_fibfib,Exception
Rust,HumanEval_64_vowels_count,Exception
Rust,HumanEval_65_circular_shift,SyntaxError
Rust,HumanEval_66_digitSum,OK
Rust,HumanEval_67_fruit_distribution,Exception
Rust,HumanEval_68_pluck,Exception
Rust,HumanEval_69_search,SyntaxError
Rust,HumanEval_70_strange_sort_list,Exception
Rust,HumanEval_71_triangle_area,SyntaxError
Rust,HumanEval_72_will_it_fly,OK
Rust,HumanEval_73_smallest_change,OK
Rust,HumanEval_74_total_match,OK
Rust,HumanEval_75_is_multiply_prime,Exception
Rust,HumanEval_76_is_simple_power,OK
Rust,HumanEval_77_iscube,Exception
Rust,HumanEval_78_hex_key,Exception
Rust,HumanEval_79_decimal_to_binary,Exception
Rust,HumanEval_80_is_happy,Exception
Rust,HumanEval_81_numerical_letter_grade,Exception
Rust,HumanEval_82_prime_length,Exception
Rust,HumanEval_83_starts_one_ends,Exception
Rust,HumanEval_84_solve,Exception
Rust,HumanEval_85_add,Exception
Rust,HumanEval_86_anti_shuffle,Exception
Rust,HumanEval_87_get_row,Exception
Rust,HumanEval_88_sort_array,Exception
Rust,HumanEval_89_encrypt,Exception
Rust,HumanEval_90_next_smallest,Exception
Rust,HumanEval_91_is_bored,Exception
Rust,HumanEval_92_any_int,Exception
Rust,HumanEval_93_encode,Exception
Rust,HumanEval_94_skjkasdkd,SyntaxError
Rust,HumanEval_95_check_dict_case,Exception
Rust,HumanEval_96_count_up_to,SyntaxError
Rust,HumanEval_97_multiply,Exception
Rust,HumanEval_98_count_upper,Exception
Rust,HumanEval_99_closest_integer,Exception
Rust,HumanEval_100_make_a_pile,Timeout
Rust,HumanEval_101_words_string,OK
Rust,HumanEval_102_choose_num,Exception
Rust,HumanEval_104_unique_digits,Exception
Rust,HumanEval_105_by_length,Exception
Rust,HumanEval_106_f,SyntaxError
Rust,HumanEval_107_even_odd_palindrome,SyntaxError
Rust,HumanEval_108_count_nums,Exception
Rust,HumanEval_109_move_one_ball,SyntaxError
Rust,HumanEval_110_exchange,Exception
Rust,HumanEval_111_histogram,SyntaxError
Rust,HumanEval_112_reverse_delete,OK
Rust,HumanEval_113_odd_count,OK
Rust,HumanEval_114_minSubArraySum,OK
Rust,HumanEval_115_max_fill,SyntaxError
Rust,HumanEval_116_sort_array,Exception
Rust,HumanEval_117_select_words,SyntaxError
Rust,HumanEval_118_get_closest_vowel,Exception
Rust,HumanEval_119_match_parens,Exception
Rust,HumanEval_120_maximum,Exception
Rust,HumanEval_121_solution,OK
Rust,HumanEval_122_add_elements,Exception
Rust,HumanEval_123_get_odd_collatz,Exception
Rust,HumanEval_124_valid_date,OK
Rust,HumanEval_126_is_sorted,Exception
Rust,HumanEval_127_intersection,Exception
Rust,HumanEval_128_prod_signs,Exception
Rust,HumanEval_129_minPath,Exception
Rust,HumanEval_130_tri,Exception
Rust,HumanEval_131_digits,Exception
Rust,HumanEval_132_is_nested,Exception
Rust,HumanEval_133_sum_squares,OK
Rust,HumanEval_134_check_if_last_char_is_a_letter,Exception
Rust,HumanEval_135_can_arrange,Exception
Rust,HumanEval_136_largest_smallest_integers,Exception
Rust,HumanEval_138_is_equal_to_sum_even,Exception
Rust,HumanEval_139_special_factorial,Exception
Rust,HumanEval_140_fix_spaces,Exception
Rust,HumanEval_141_file_name_check,SyntaxError
Rust,HumanEval_142_sum_squares,Exception
Rust,HumanEval_143_words_in_sentence,SyntaxError
Rust,HumanEval_144_simplify,Exception
Rust,HumanEval_145_order_by_points,SyntaxError
Rust,HumanEval_146_specialFilter,Exception
Rust,HumanEval_147_get_max_triples,Exception
Rust,HumanEval_149_sorted_list_sum,Exception
Rust,HumanEval_150_x_or_y,SyntaxError
Rust,HumanEval_151_double_the_difference,Exception
Rust,HumanEval_152_compare,OK
Rust,HumanEval_153_Strongest_Extension,SyntaxError
Rust,HumanEval_154_cycpattern_check,Exception
Rust,HumanEval_155_even_odd_count,Exception
Rust,HumanEval_156_int_to_mini_roman,Exception
Rust,HumanEval_157_right_angle_triangle,OK
Rust,HumanEval_158_find_max,SyntaxError
Rust,HumanEval_159_eat,Exception
Rust,HumanEval_160_do_algebra,Exception
Rust,HumanEval_161_solve,Exception
Rust,HumanEval_162_string_to_md5,SyntaxError
Rust,HumanEval_163_generate_integers,Exception
